series,mean,sd,skewness,kurtosis,n
price,45.249989714520815,18.9555355039677,15.515008460488838,594.5288792681707,43751
returns,0.00011399610416629793,0.17676495110272886,1.3351482708247555,63.654716206646285,43668
