test,statistic,p_value,crit_1pct,crit_5pct,crit_10pct
ADF (returns),-35.56275586710681,0.0,-3.4304999480642695,-2.861606273750996,-2.5668052753630204
"ARCH LM (returns, nlags=24)",9242.329702047426,0.0,,,
